id,measurement,weight,weight_sqrt
1,weight1,203,14.247806848775006
2,weight1,227,15.066519173319364
3,weight1,193,13.892443989449804
